

INSERT INTO `menu` (`idMenu`, `vMenu`, `vCodigo`) VALUES
(1, 'Inventario', '10'),
(2, 'Cliente', '20'),
(3, 'Proveedor', '30'),
(4, 'Compra', '40'),
(5, 'Venta', '50'),
(6, 'Contabilidad', '60'),
(7, 'Estadisticas', '70'),
(8, 'Admin', '80');



INSERT INTO `menuaccion` (`iMenuAccionId`, `idmenuOpciones`, `vAccion`, `vCodigo`) VALUES
(1, 1, 'Nuevo', '1111'),
(2, 1, 'Editar', '1112'),
(3, 1, 'Buscar', '1113'),
(4, 1, 'Eliminar', '1114'),
(5, 1, 'Exportar', '1115'),
(6, 2, 'Nuevo', '1121'),
(7, 2, 'Editar', '1122'),
(8, 2, 'Buscar', '1123'),
(9, 2, 'Eliminar', '1124'),
(10, 2, 'Exportar', '1125'),
(11, 3, 'Nuevo', '1131'),
(12, 3, 'Editar', '1132'),
(13, 3, 'Buscar', '1133'),
(14, 3, 'Eliminar', '1134'),
(15, 3, 'Exportar', '1135'),
(16, 4, 'Nuevo', '1141'),
(17, 4, 'Editar', '1142'),
(18, 4, 'Buscar', '1143'),
(19, 4, 'Eliminar', '1144'),
(20, 4, 'Exportar', '1145'),
(21, 5, 'Nuevo', '1151'),
(22, 5, 'Editar', '1152'),
(23, 5, 'Buscar', '1153'),
(24, 5, 'Eliminar', '1154'),
(25, 5, 'Exportar', '1155'),
(26, 6, 'Nuevo', '1161'),
(27, 6, 'Editar', '1162'),
(28, 6, 'Buscar', '1163'),
(29, 6, 'Eliminar', '1164'),
(30, 6, 'Exportar', '1165'),
(31, 44, 'Nuevo', '2111'),
(32, 44, 'Editar', '2112'),
(33, 44, 'Buscar', '2113'),
(34, 44, 'Eliminar', '2114'),
(35, 44, 'Exportar', '2115'),
(36, 7, 'Nuevo', '2121'),
(37, 7, 'Editar', '2122'),
(38, 7, 'Buscar', '2123'),
(39, 7, 'Eliminar', '2124'),
(40, 7, 'Exportar', '2125'),
(41, 8, 'Nuevo', '2131'),
(42, 8, 'Editar', '2132'),
(43, 8, 'Buscar', '2133'),
(44, 8, 'Eliminar', '2134'),
(45, 8, 'Exportar', '2135'),
(46, 9, 'Nuevo', '2141'),
(47, 9, 'Editar', '2142'),
(48, 9, 'Buscar', '2143'),
(49, 9, 'Eliminar', '2144'),
(50, 9, 'Exportar', '2145'),
(51, 10, 'Nuevo', '3111'),
(52, 10, 'Editar', '3112'),
(53, 10, 'Buscar', '3113'),
(54, 10, 'Eliminar', '3114'),
(55, 10, 'Exportar', '3115'),
(56, 11, 'Nuevo', '3121'),
(57, 11, 'Editar', '3122'),
(58, 11, 'Buscar', '3123'),
(59, 11, 'Eliminar', '3124'),
(60, 11, 'Exportar', '3125'),
(61, 12, 'Nuevo', '3131'),
(62, 12, 'Editar', '3132'),
(63, 12, 'Buscar', '3133'),
(64, 12, 'Eliminar', '3134'),
(65, 12, 'Exportar', '3135'),
(66, 13, 'Nuevo', '4111'),
(67, 13, 'Editar', '4112'),
(68, 13, 'Buscar', '4113'),
(69, 13, 'Eliminar', '4114'),
(70, 13, 'Exportar', '4115'),
(71, 14, 'Nuevo', '4121'),
(72, 14, 'Editar', '4122'),
(73, 14, 'Buscar', '4123'),
(74, 14, 'Eliminar', '4124'),
(75, 14, 'Exportar', '4125'),
(76, 15, 'Nuevo', '5111'),
(77, 15, 'Editar', '5112'),
(78, 15, 'Buscar', '5113'),
(79, 15, 'Eliminar', '5114'),
(80, 15, 'Exportar', '5115'),
(81, 16, 'Nuevo', '5121'),
(82, 16, 'Editar', '5122'),
(83, 16, 'Buscar', '5123'),
(84, 16, 'Eliminar', '5124'),
(85, 16, 'Exportar', '5125'),
(86, 17, 'Nuevo', '6111'),
(87, 17, 'Editar', '6112'),
(88, 17, 'Buscar', '6113'),
(89, 17, 'Eliminar', '6114'),
(90, 17, 'Exportar', '6115'),
(91, 18, 'Nuevo', '6121'),
(92, 18, 'Editar', '6122'),
(93, 18, 'Buscar', '6123'),
(94, 18, 'Eliminar', '6124'),
(95, 18, 'Exportar', '6125'),
(96, 19, 'Nuevo', '6131'),
(97, 19, 'Editar', '6132'),
(98, 19, 'Buscar', '6133'),
(99, 19, 'Eliminar', '6134'),
(100, 19, 'Exportar', '6135'),
(101, 20, 'Nuevo', '6211'),
(102, 20, 'Editar', '6212'),
(103, 20, 'Buscar', '6213'),
(104, 20, 'Eliminar', '6214'),
(105, 20, 'Exportar', '6215'),
(106, 21, 'Nuevo', '6221'),
(107, 21, 'Editar', '6222'),
(108, 21, 'Buscar', '6223'),
(109, 21, 'Eliminar', '6224'),
(110, 21, 'Exportar', '6225'),
(111, 22, 'Nuevo', '6231'),
(112, 22, 'Editar', '6232'),
(113, 22, 'Buscar', '6233'),
(114, 22, 'Eliminar', '6234'),
(115, 22, 'Exportar', '6235'),
(116, 23, 'Nuevo', '6311'),
(117, 23, 'Editar', '6312'),
(118, 23, 'Buscar', '6313'),
(119, 23, 'Eliminar', '6314'),
(120, 23, 'Exportar', '6315'),
(121, 24, 'Nuevo', '6321'),
(122, 24, 'Editar', '6322'),
(123, 24, 'Buscar', '6323'),
(124, 24, 'Eliminar', '6324'),
(125, 24, 'Exportar', '6325'),
(126, 25, 'Nuevo', '6331'),
(127, 25, 'Editar', '6332'),
(128, 25, 'Buscar', '6333'),
(129, 25, 'Eliminar', '6334'),
(130, 25, 'Exportar', '6335'),
(131, 26, 'Nuevo', '6341'),
(132, 26, 'Editar', '6342'),
(133, 26, 'Buscar', '6343'),
(134, 26, 'Eliminar', '6344'),
(135, 26, 'Exportar', '6345'),
(136, 27, 'Nuevo', '6411'),
(137, 27, 'Editar', '6412'),
(138, 27, 'Buscar', '6413'),
(139, 27, 'Eliminar', '6414'),
(140, 27, 'Exportar', '6415'),
(141, 28, 'Nuevo', '6511'),
(142, 28, 'Editar', '6512'),
(143, 28, 'Buscar', '6513'),
(144, 28, 'Eliminar', '6514'),
(145, 28, 'Exportar', '6515'),
(146, 29, 'Nuevo', '6521'),
(147, 29, 'Editar', '6522'),
(148, 29, 'Buscar', '6523'),
(149, 29, 'Eliminar', '6524'),
(150, 29, 'Exportar', '6525'),
(151, 30, 'Nuevo', '6531'),
(152, 30, 'Editar', '6532'),
(153, 30, 'Buscar', '6533'),
(154, 30, 'Eliminar', '6534'),
(155, 30, 'Exportar', '6535'),
(156, 31, 'Nuevo', '7111'),
(157, 31, 'Editar', '7112'),
(158, 31, 'Buscar', '7113'),
(159, 31, 'Eliminar', '7114'),
(160, 31, 'Exportar', '7115'),
(161, 32, 'Nuevo', '7121'),
(162, 32, 'Editar', '7122'),
(163, 32, 'Buscar', '7123'),
(164, 32, 'Eliminar', '7124'),
(165, 32, 'Exportar', '7125'),
(166, 33, 'Nuevo', '7131'),
(167, 33, 'Editar', '7132'),
(168, 33, 'Buscar', '7133'),
(169, 33, 'Eliminar', '7134'),
(170, 33, 'Exportar', '7135'),
(171, 34, 'Nuevo', '7141'),
(172, 34, 'Editar', '7142'),
(173, 34, 'Buscar', '7143'),
(174, 34, 'Eliminar', '7144'),
(175, 34, 'Exportar', '7145'),
(176, 35, 'Nuevo', '7151'),
(177, 35, 'Editar', '7152'),
(178, 35, 'Buscar', '7153'),
(179, 35, 'Eliminar', '7154'),
(180, 35, 'Exportar', '7155'),
(181, 36, 'Nuevo', '8111'),
(182, 36, 'Editar', '8112'),
(183, 36, 'Buscar', '8113'),
(184, 36, 'Eliminar', '8114'),
(185, 36, 'Exportar', '8115'),
(186, 37, 'Nuevo', '8121'),
(187, 37, 'Editar', '8122'),
(188, 37, 'Buscar', '8123'),
(189, 37, 'Eliminar', '8124'),
(190, 37, 'Exportar', '8125'),
(191, 38, 'Nuevo', '8131'),
(192, 38, 'Editar', '8132'),
(193, 38, 'Buscar', '8133'),
(194, 38, 'Eliminar', '8134'),
(195, 38, 'Exportar', '8135'),
(196, 39, 'Nuevo', '8141'),
(197, 39, 'Editar', '8142'),
(198, 39, 'Buscar', '8143'),
(199, 39, 'Eliminar', '8144'),
(200, 39, 'Exportar', '8145'),
(201, 40, 'Nuevo', '8151'),
(202, 40, 'Editar', '8152'),
(203, 40, 'Buscar', '8153'),
(204, 40, 'Eliminar', '8154'),
(205, 40, 'Exportar', '8155'),
(206, 41, 'Nuevo', '8161'),
(207, 41, 'Editar', '8162'),
(208, 41, 'Buscar', '8163'),
(209, 41, 'Eliminar', '8164'),
(210, 41, 'Exportar', '8165'),
(211, 46, 'Nuevo', '8181'),
(212, 46, 'Editar', '8182'),
(213, 46, 'Buscar', '8183'),
(214, 46, 'Eliminar', '8184'),
(215, 46, 'Exportar', '8185');


INSERT INTO `menuopciones` (`idmenuOpciones`, `idMenutitulo`, `vOpciones`, `vCodigo`) VALUES
(1, 1, 'Categoria', '111'),
(2, 1, 'Mecaderia', '112'),
(3, 1, 'Materia Prima', '113'),
(4, 1, 'Suministro y Repuestos', '114'),
(5, 1, 'Envases y Embalajes', '115'),
(6, 1, 'Gestion de Produccion', '116'),
(7, 2, 'Cliente', '212'),
(8, 2, 'Estado Cuenta Cliente', '213'),
(9, 2, 'Estado Cuenta de Letras', '214'),
(10, 3, 'Proveedor', '311'),
(11, 3, 'Estado Cuenta Proveedor', '312'),
(12, 3, 'Estado Cuenta de Letras', '313'),
(13, 4, 'Compras', '411'),
(14, 4, 'Devolucion de Compras', '412'),
(15, 5, 'Ventas', '511'),
(16, 5, 'Devolucion Ventas', '512'),
(17, 6, 'Ventas', '611'),
(18, 6, 'Devolucion de Ventas', '612'),
(19, 6, 'Estado Cuenta Cliente', '613'),
(20, 7, 'Compras', '621'),
(21, 7, 'Devolucion de Compras', '622'),
(22, 7, 'Estado Cuenta Proveedor', '623'),
(23, 8, 'Productos', '631'),
(24, 8, 'Materias Primas', '632'),
(25, 8, 'Suministro y Repuestos', '633'),
(26, 8, 'Embases y Embalajes', '634'),
(27, 9, 'Caja chica', '641'),
(28, 10, 'Libro diario', '651'),
(29, 10, 'Plan Contable', '652'),
(30, 10, 'Balance General', '653'),
(31, 11, 'Grafico General', '711'),
(32, 11, 'Compras', '712'),
(33, 11, 'Ventas', '713'),
(34, 11, 'Clientes', '714'),
(35, 11, 'Proveedores', '715'),
(36, 12, 'Mant. de Sucursal', '811'),
(37, 12, 'Mant. de Area', '812'),
(38, 12, 'Mant. de Perfil', '813'),
(39, 12, 'Mant. de Ocupacion', '814'),
(40, 12, 'Mant. de Personal', '815'),
(41, 12, 'Mant. de Usuario', '816'),
(45, 12, 'Mant. de Permisos', '817'),
(44, 2, 'Clasificacion Cliente', '211'),
(46, 12, 'Configuracion', '821');


INSERT INTO `menutitulo` (`idmenuTitulo`, `idMenu`, `vMenuTitulo`, `vCodigo`) VALUES
(1, 1, 'OPCIONES', '11'),
(2, 2, 'OPCIONES', '21'),
(3, 3, 'OPCIONES', '31'),
(4, 4, 'OPCIONES', '41'),
(5, 5, 'OPCIONES', '51'),
(6, 6, 'CLIENTES', '61'),
(7, 6, 'PROVEEDORES', '62'),
(8, 6, 'EXISTENCIAS', '63'),
(9, 6, 'TESORERIA', '64'),
(10, 6, 'PLAN CONTABLE', '65'),
(11, 7, 'OPCIONES', '71'),
(12, 8, 'OPCIONES', '81');
